MUP1	HXT1
TPM2	TPM2
OLE1	OLE1
ARC35	ARC40
IMD3	IMD4
IMD3	IMD3
ADE17	ADE17
ADE4	ADE4
DBP2	DBP2
MUP1	MUP1
VPS21	GDI1
YPT1	GDI1
IMD4	IMD4
ERV25	ERV25
ERP1	ERV25
SHR3	SHR3
PRS3	PRS3
ITR1	MUP1
GIS2	YGR054W
YNK1	YNK1
GAR1	NOP10
PRO2	PRO2
YPT7	GDI1
SIS1	SIS1
RPT5	RPT6
GIR2	GCN1
YPT6	GDI1
ALO1	ALO1
HNM1	MUP1
ADE17	VMA8
SEC4	GDI1
PIS1	PIS1
MYO5	ARC40
THO1	THO1
ARF1	HXT1
RBD2	RBD2
PEX11	PEX11
ARP2	YDR063W
PHO88	FCY2
PRS1	PRS1
HOG1	RCK2
ITR1	PDR12
HXT1	HXT1
YGL242C	MYO5
DPH5	DPH5
ERG25	PHO88
HHF1	HHF2
VMA7	VMA13
SEC7	SEC7
GAR1	DBP2
PRO3	PRO3
MTD1	MTD1
HNM1	PDR12
ERG25	PHO86
SRV2	SRV2
HNT1	HNT1
VMA7	VPH1
YGR106C	VPH1
SOP4	PDR12
VMA7	VMA8
ERV29	ERV25
PST2	THI7
PST2	PST2
SRV2	ARC40
MUP1	PDR12
PHO88	SSH1
VMA21	VMA6
ARC18	ARC35
TVP15	TVP15
GIS2	ADE17
ACB1	ADE17
YBL039W-A	ALO1
FMP45	FMP45
CAP2	ARC40
RBD2	RET2
SNA3	SNA3
VPH1	VMA13
ADE17	EFT1
ERG25	ERV25
YPT31	GDI1
GDH2	GDH2
YNL247W	YNL247W
SAC6	ARC40
LSB3	LSB3
YBR077C	MEH1
ARC18	ARC40
ITR1	ITR1
DHH1	SCD6
DOS2	DOS2
HNM1	HNM1
PRS3	PRS5
ARC19	ARC35
APL6	APL5
VMA7	VMA6
FTH1	FET5
HEM2	HEM2
ERG25	ERP1
SEC61	SEC62
CBF1	CBF1
CUE5	CUE5
MET8	MET8
VMA21	YGR106C
ERG25	SSH1
DRE2	GRX3
SNA4	VAC8
GAR1	GAR1
RPN5	RPN9
RPT1	RPT6
CHS5	CHS5
ERV25	ERP4
ADE17	YNL247W
NSR1	DBP2
SLC1	SNA3
YBR267W	NAP1
PRS4	PRS1
SNA3	KES1
PRS5	PRS5
ERG25	ORM2
RPT1	RPT4
ILM1	ILM1
CDC39	NOT3
TVP15	RBD2
ITR1	HNM1
ARP2	ARC35
ERG25	YMR134W
SIS2	PPZ1
WBP1	ERP1
SWP1	PHO88
AKR1	RBD2
ADE16	ADE17
YGR106C	VMA6
ERP1	ERP4
FCY1	FCY1
PST2	MUP1
TPO2	PDR12
SNZ1	SNZ1
PRS2	PRS2
CAP2	CAP2
ITR1	MID2
SNA4	VMA7
PST2	MID2
TFG2	UBC13
SCT1	RER2
PRS4	PRS2
SNA3	RET2
DHH1	DHH1
ATG27	ATG27
PHO86	YMR134W
PHO88	ERV25
ALO1	TOM20
HNM1	HXT1
WBP1	ERV25
ERG25	KRE27
SCL1	PRE10
YMR010W	RBD2
PEX25	PEX25
ERP1	ERP1
CAX4	CAX4
SEY1	SEY1
VMA21	VPH1
RPT5	RPT4
ARF1	ARF1
YGR277C	KES1
TCB3	PDR12
SLA2	END3
NAP1	NAP1
PRS2	PRS1
SNA4	MEH1
LAS17	ARC40
KEX1	SEC26
LSB3	CUE5
GIS2	BRE5
SNA4	KES1
PST2	HNM1
YCR043C	LPP1
SFT2	RBD2
NUP49	NUP57
YPI1	SDS22
VMA6	VPH1
LSM3	NOT5
OSH7	OSH6
PHO88	TPO3
HNM1	MID2
RAD51	RAD51
YBL029C-A	TCB3
DHH1	LSM4
CKB1	CKA1
UBC13	MMS2
KTI11	ELP2
RIB1	RIB1
YHR003C	ALO1
CKB1	CKB2
ACB1	ARC40
MAK21	NOC2
TPO1	PDR12
FTH1	YBT1
MSP1	MSP1
GTT3	GTT3
PHO88	PHO88
GAR1	SRP40
PEP1	PEP1
SPC2	SEC62
RPA34	RPA34
DPH5	EFT1
DEF1	DEF1
YGR106C	VMA13
DID4	DID4
YCR095C	YHL029C
SYP1	SYP1
UTP5	UTP10
ARP2	ARC40
YVH1	TIF6
RKI1	RKI1
MUP1	YLR413W
KEX1	HXT1
YKL088W	PPZ1
HYR1	ADE17
TCB3	TCB3
MOT2	NOT3
CNS1	HGH1
PHO88	SEC62
AUR1	SEC26
YKE2	GIM5
PST2	OSH6
ERP1	SSH1
ERG7	YLL012W
EHT1	ALO1
YGR250C	SGN1
PHO13	ADE17
YCR043C	RBD2
PHO88	KRE27
FTR1	PDR12
CDC39	CAF40
YJL068C	YJL068C
DST1	RPB9
PAN5	PAN5
EBP2	BRX1
GIS2	LSM4
TPS3	TPS3
PEX14	PEX14
SWP1	MSC7
VMA6	VMA5
ORM2	ERV25
SMI1	KEX2
YPT32	GDI1
FTR1	YLR413W
BBC1	ARC40
MEH1	MEH1
RVS167	ARC40
SIS2	SIS2
PCS60	PCS60
TPO4	PDR12
DHH1	DCP2
DNF1	LEM3
CAF40	NOT3
AMD1	AMD1
SWP1	ORM2
KEX1	KEX2
VRP1	ARC40
APL6	APL6
PEX3	PEX25
SPC1	SEC62
PST2	PDR12
ITR1	TCB3
AKR1	AKR1
LSB3	YSC84
KEX1	ITR1
PRS1	PRS5
AUR1	RBD2
KEX1	PEP1
DID2	DID2
ERV29	SEY1
SWP1	ERP1
BAP2	HXT1
ARF1	RBD2
NAP1	RIM11
CIT2	CIT2
DNM1	DNM1
LSM3	DCP2
GAR1	YOR004W
SHR3	HIP1
HSP30	HSP30
GPA2	MID2
OLE1	PPZ1
ERP1	MSC7
KRE27	PHO86
NOC2	FPR4
DOS2	RBD2
SWH1	SWH1
YKL088W	SIS2
OSH7	MID2
PAC10	YKE2
TGL1	TGL1
SEC7	CHS5
SYP1	MID2
PUF4	PUB1
FMP44	KRE27
ERG25	SEC61
SSH1	ERV25
SMI1	SEC7
RPT1	RPN1
GAR1	RPA190
DHH1	PUB1
TPK1	BCY1
SAC6	CAP2
CDC11	CDC11
MOT2	CAF40
ERP1	ARF1
PHO88	SOP4
ERG25	ILM1
ERP1	PHO88
DHH1	LSM3
MUP1	TPO2
LAS17	ARC15
HNM1	TCB3
KEX1	HNM1
SWP1	ILM1
VRP1	LAS17
LSP1	AAT2
VMA7	YGR106C
SWP1	KRE27
SMI1	CHS5
PPZ1	VHS3
MYO5	MYO5
PPZ1	PPZ1
APL4	CHC1
YMR010W	YMR010W
MEH1	VAC8
RVS161	RVS167
PST2	YLR326W
ARP2	MYO5
GPI8	GAA1
PST2	BOP1
RIM1	MID2
HNM1	TPO3
CDC39	MOT2
CDC39	NOT5
CKB1	CKA2
SWP1	KRE1
PMC1	YBT1
ERG25	ERG3
YAL053W	ITR1
SRV2	ARC15
PST2	TPO4
WHI3	WHI3
SMI1	SEC26
GPI17	GAA1
PGM2	ADE17
APS1	APL4
LAC1	LAC1
DHH1	DEF1
TPO2	HXT1
LSP1	YGR130C
HNM1	PDR5
ERP1	SEY1
HXT1	PDR12
SLC1	KES1
AUR1	DOS2
PST2	YGR130C
SLA2	CHC1
GAR1	HHO1
SNA4	VMA13
UGA2	UGA2
LPP1	RBD2
PHO88	OLE1
YHR122W	MET18
RIM1	TCB3
PHO88	LAC1
ERV29	MSC7
DCP2	DCP2
VPS29	VPS35
ERV25	SEY1
SLH1	YKR023W
ASP1	ASP1
CSG2	SHR3
YAL053W	PIN2
GPI17	GPI16
KRE27	SOP4
APL4	ENT3
RIB5	RIB5
SNA4	HXT1
GAR1	FPR4
NUP100	NUP116
DEF1	PUB1
MOT2	LSM3
VMA21	VMA13
SNA3	RER2
GUP1	MSC7
UTP5	UTP8
SNA4	GTR2
CAP2	SRV2
KEX1	RET2
VPS60	VPS60
SEC7	KEX2
ATG27	RBD2
ACB1	VMA8
YAL053W	HNM1
IST1	IST1
MYO2	MYO2
VMA21	VMA8
MEH1	VMA8
SLA2	ARC18
TVP15	YMR010W
CNB1	CMP2
ERP1	ORM2
RPN5	RPN8
MYO5	ARC15
GIN4	NAP1
SNA4	YBT1
ERV25	ALG5
KEX1	DNF1
YIH1	GCN1
SLC1	RER2
SFK1	PDR12
KEX1	ARF1
SMI1	PIN2
ERP5	ERV25
APM3	APL5
MEP3	PDR12
ERP1	RET2
SNA3	VAC8
SWP1	SHR3
SLC1	ERG7
SWP1	YDC1
SPC1	ERV41
ERP1	KRE27
NDC1	NDC1
FTH1	VMA7
GTT1	ALO1
FTH1	VMA13
WBP1	MSC7
SIT4	SAP155
GPX2	PDR12
UFD1	SEL1
KEX1	FTR1
SHR3	PPZ1
UTP8	UTP15
FAT1	SNA3
GAR1	UBP10
ERG7	SNA3
SCS7	ERV25
AUR1	RET2
GRE3	GRE3
PIS1	RER2
RPA34	NOP10
FMP45	HNM1
GAR1	BRX1
STO1	CBC2
RPT5	RPN1
KTI11	ELP3
PST2	ADE17
PEX30	PEX30
CDC24	BEM1
ERG25	SPC2
GPA2	PDR12
PHO88	HXT1
FTH1	VMA8
YBR077C	GTR1
TCB3	TPO3
LOC1	NOC2
OLE1	KRE27
PMC1	PMC1
SNA4	VMA8
RIM1	PDR12
ERG3	ERV25
VPS5	VPS17
PST2	TCB3
VRP1	MYO5
ORM2	DFG5
NUP82	NUP116
EHT1	SNA3
LSM4	PUB1
MEH1	GTR1
TVP15	AKR1
SNA4	FTH1
WHI3	PUB1
SHR3	KRE27
YGR054W	YGR054W
ILM1	CUE4
CAF40	POP2
NUP145	NUP85
FCY2	SOP4
PST2	GPA2
GIS2	DHH1
SMI1	DNF1
PMC1	VMA13
HXT1	PDR5
SWP1	ALG5
LSM2	LSM3
YSC84	CUE5
KEX1	YLR413W
PAC10	GIM3
SQT1	TIF6
NUP159	NUP116
HNM1	TPO4
PHO88	SHR3
YBR267W	LSG1
SLA2	ARC19
SLY1	RBD2
PST2	SFK1
YER113C	RBD2
PEP1	VPS35
MMS2	SIP5
ERG4	NSG1
CAP2	ARC15
SFT2	ARF1
FTR1	TCB3
SLC1	FAT1
UTP5	UTP15
DCP2	SCD6
LSP1	ARC40
ERV29	KRE27
ERV29	RET2
GAR1	YMR269W
SWP1	YKL088W
ERV25	CPT1
CIC1	UBP10
PAC10	GIM5
KEX1	PIN2
SLA2	ARC35
GPI8	GPI16
ERV25	ERG5
LSM2	LSM4
SNF7	SNF7
GLR1	GLR1
DNF2	LEM3
KEX1	CHS3
DHH1	YHR121W
SWH1	VAC8
STI1	STI1
VRP1	VRP1
VPS24	VPS24
EMP70	RET2
VPS35	VPS35
YKL088W	VHS3
URA7	AAT2
YPD1	SSK1
OLE1	ERV25
ERV25	PPZ1
KEX1	YMR010W
PST2	FTR1
TVP15	ATG27
SFT2	RET2
SNA3	SEC21
FAT1	FAT1
HMG2	HMG1
STI1	CHC1
KRE27	SNA3
EMP47	RBD2
GTR2	MEH1
KEX1	MUP1
KEX1	CHS5
XPT1	XPT1
ORM2	ERP4
SAC6	ARC15
VMA7	VMA5
ITR1	BOP1
ERP6	ERV25
IKI3	ELP4
MET3	MET3
ELP4	ELP4
GTR1	VAC8
ERV29	ERP4
FTR1	HNM1
HNM1	BOP1
PEP1	VPS5
DHH1	LSM7
ARP2	LAS17
QDR2	PDR12
GSY2	GSY2
GAD1	GAD1
PST2	WSC2
SPA2	SPA2
SPC1	SPC2
SNA4	VPS5
SWA2	CHC1
MID2	MID2
VRP1	ARC15
MYO4	MYO4
NOC2	HHO1
SWP1	CPT1
APL4	APL4
TFG2	SIP5
SFK1	TCB3
SCS7	KRE27
FMP45	MID2
FUI1	PDR12
SMI1	MID2
SSD1	YGR054W
HSP30	PDR12
SNA3	YJU3
SLA2	VRP1
CTR2	CTR2
PEX11	ANT1
EPT1	RBD2
DCP2	EDC3
PHO88	TPO2
CHS3	CHS7
PEX3	PEX11
YMR010W	RET2
MOT2	NOT5
LSM4	LSM3
KEX1	HXT2
INP53	APL4
SLA1	ARC40
EMP70	YMR010W
PST2	PPZ1
BEM1	STE20
ERP1	ERV29
MEP3	MEP3
SNA3	MEH1
USO1	GRH1
PGM2	ARC40
ATG27	VPS5
TRP2	ARC40
PHO13	URA4
SNA3	TGL1
SWP1	AYR1
PST2	YJL016W
RBD2	SEC21
SAC6	SRV2
ERP1	AYR1
AKR1	YCK1
SFT2	NEO1
LYS21	LYS21
ERV25	PIS1
SNA3	VMA8
VPS60	VTA1
ERG3	ERG3
SNQ2	PDR12
SLA2	LAS17
SFK1	MID2
KEX1	TVP15
YAL053W	DFG5
FTR1	MID2
CAP2	ARC35
HNM1	TPO2
NSR1	GAR1
NUP100	NUP82
CCW12	ORM2
ERV29	PPZ1
GPA2	MUP1
VMA6	VMA8
FAT1	RER2
SMI1	HNM1
NGR1	PUB1
SNA4	PIB2
KEX1	OPY2
SNQ2	HXT1
SHR3	ERV25
SFT2	AKR1
FTH1	FTH1
GPA2	HNM1
DHH1	CAF40
BAP2	ARF1
BBC1	MYO5
LAS17	LAS17
BAP2	SHR3
ORM2	ORM2
PMC1	VMA7
KEX1	SEC7
SLA2	ARC15
DHH1	PBP1
VMA21	ERV25
NAP1	CKI1
PEP1	CHC1
SCS7	ERP1
SFT2	YCR043C
SHE3	SHE3
YAL053W	WSC2
SWP1	ARF1
YMR010W	SEC21
MEP1	MEP3
ELP2	ELP4
NUP82	NUP82
ADE17	HCH1
CHS3	PIN2
ATG27	VPS16
VPS35	VPS5
ERV41	RBD2
APL4	GGA2
CBR1	ERV25
EHT1	PPZ1
GAR1	NOC2
ARC18	ARC18
KEX1	VMA7
HUG1	ADE17
TPO4	BOP1
SWP1	FET3
MOT2	POP2
INP53	CHC1
LSM4	SCD6
LSP1	MID2
SRV2	ARC35
EHT1	ERG7
ERV29	ERV29
PST2	YGL108C
YPT1	ALO1
SWP1	HNM1
TPO1	PDR5
BRE5	BRE5
SSL2	ARC40
FMP45	ITR1
MUP1	PPZ1
PMC1	VMA8
EBP2	PWP1
HHF1	FPR4
NCB2	BUR6
ALO1	KES1
TIF4632	PUB1
SSD1	PUB1
ITR1	FTR1
GPA2	YLR326W
VRP1	ARC35
SNA4	VPS35
EHT1	YLL012W
ARF1	ALO1
KRE27	ERV25
OSH7	TPO4
TPO1	YLR413W
PHO88	SPC1
NSA2	CGR1
ERV25	YDC1
ADE16	AAT2
FMP45	TCB3
MUP1	HXT2
GPA2	BOP1
PST2	YLR413W
HNM1	HXT2
SUR2	ERV25
PPZ2	SIS2
PTC3	YGR205W
OLE1	MID2
PHO88	SUR2
VPS35	VPS17
CAF40	NOT5
PPZ2	YKL088W
TGL1	RER2
ERG25	PPZ1
VMA13	VMA13
ALO1	ADE17
VAC17	ATG18
LSP1	ITR1
PEP1	TVP15
ARF1	TPO3
RIM1	YLR413W
SIS1	CHC1
KEX1	TVP38
OSH7	BOP1
YSC84	YSC84
PIS1	OSH6
NUP85	NUP120
FAT1	ERG7
TCB3	HXT2
ERP1	ALG5
FAT1	KES1
EXO84	SEC8
SLC1	AYR1
HTZ1	HHO1
FMP45	PDR12
TVP15	HNM1
OSH2	MYO5
DHH1	EDC3
ERV25	GOT1
NOP7	NOC2
DNF2	DNF1
TIF4632	DED1
PEP1	ENT3
LPP1	LPP1
PMC1	YML018C
RFC2	RFC3
GAR1	PWP1
HSP30	MID2
HNM1	YLR413W
AUR1	YMR010W
ERV25	RBD2
BAP2	RBD2
TVP15	HXT1
YGR054W	DED1
MUP1	BOP1
TVP15	KRE27
GOT1	RBD2
KEX1	PDR12
AKR1	TVP38
SEM1	ADE17
TVP15	TVP38
TPO1	TCB3
CKB2	CKA2
CPT1	CPT1
HSE1	VPS27
EHT1	KES1
RPB3	RPB11
FTR1	HXT1
NUP159	NUP82
MSC7	ORM2
ARF1	LEM3
EHT1	AYR1
USO1	USO1
STE24	PPZ1
TPO2	PDR5
TPO1	TPO3
CDC39	POP2
SNA3	VPS66
QNS1	QNS1
VPS24	SNF7
TPO2	MID2
SNA3	VMA13
AKR1	RET2
PHO88	ORM2
SEC4	HXT1
ARC35	LAS17
ADE16	VMA8
ERP1	CPT1
DOP1	HXT1
FTH1	PMC1
RBD2	COG4
SKI8	HRK1
SFT2	ATG27
EPT1	CPT1
SSH1	ERP4
GPA2	YJL016W
RPB5	RPA135
VHT1	MID2
SCS7	MSC7
HNM1	TPO1
SFK1	YLR413W
SEC4	ALO1
MCD4	ERV25
PGM2	VMA8
DNF2	MID2
PMC1	VAC8
PEX11	PEX25
HNM1	YLR326W
EMP47	RET2
RPA49	RPA49
SEC4	APP2
SNA3	AYR1
ARC18	CHC1
OSH7	TCB3
LSP1	YGR054W
TIF4632	GFD1
LSP1	EFT2
TGL1	AYR1
HSP30	PPZ1
DHH1	NAM7
BUD32	KAE1
APL6	CHS5
VPS21	MRS6
SHE3	TPM2
DHH1	PUF4
KEX2	BOP1
RIM1	TPO2
EHT1	RER2
ERP1	PIS1
ATG20	SNX4
PIS1	AYR1
GTR1	VMA8
SNQ2	TPO3
VRP1	ARC18
KEL1	KEL1
LSP1	YGR169C-A
YBL029C-A	HSP30
FMP45	YGR130C
EHT1	TGL1
DNF1	PIN2
DRS2	DNF1
TVP15	YBT1
SWP1	SPC2
AKR1	NEO1
PRO1	PRO1
EHT1	YHR003C
YBR241C	ARF1
SNA3	PDR12
TWF1	SRV2
NUP82	NUP120
YBL029C-A	FMP45
SEC7	PIN2
RAV2	VMA5
TVP15	YML018C
TVP15	VPS5
SAP155	ADE17
SLC1	YJU3
YBL029C-A	TPO1
DHR2	UBP10
CIC1	PWP1
YNL313C	EFT1
KRE27	KRE27
SNQ2	PDR5
LSM2	CDC39
FAT1	AYR1
PHO88	GOT1
AKR1	YMR010W
TVP15	VPS68
ERG26	ERV25
ERG25	RBD2
CIC1	DBP2
HNM1	PPZ1
TCB3	TPO4
SCS7	PHO88
KEX1	RBD2
SHR3	YMD8
GAR1	RPA43
SYG1	SYG1
YBL029C-A	GPA2
ACB1	ALO1
SFB3	SFB3
GPX2	TPO3
PEP1	ATG20
SEL1	SEL1
DID4	SNF7
CTR2	RBD2
ASM4	NDC1
SFT2	YML018C
YBP1	YAP1
ERG7	YJU3
SDS24	SAP155
CIC1	NOP15
SSL2	ALO1
TPO4	OSH6
HHF1	HIF1
SHE3	SHE2
ARP2	VRP1
FTH1	VAC8
YCR043C	AKR1
KRE27	ORM2
RTN2	RTN2
FAA3	TPO3
AKR1	ATG27
FMP45	PST2
SCS7	YKL088W
RCN1	CNB1
OSH7	WSC2
ARF1	RET2
FAA3	ALO1
UBC13	SIP5
HNM1	YGL108C
OLE1	TPO4
RIM1	TPO4
FAT1	YLL012W
SNA4	PMC1
EBP2	NOC2
NUP57	NUP57
PIB2	VAC8
ARC18	SRV2
ERV29	ERP5
KEX1	DPP1
HSP30	HXT1
WSC2	PDR12
INP53	GGA2
PIB2	MEH1
CDC39	CDC39
ERP1	GTT1
VPS38	MRL1
DHH1	YGR054W
VPS60	SNF7
TPO2	TPO3
SWP1	GTT1
NMD3	TIF6
VHT1	YBR052C
SYP1	PDR12
DNM1	ALO1
SIT4	IKI3
OLE1	YKL088W
MAM33	LIT2
HHF1	HHT2
PUF4	PUF4
WHI3	NOT3
TPO1	MID2
PHO88	YKL088W
FAT1	YJU3
MSP1	ALO1
DOP1	TVP15
CHS3	BOP1
PEX14	PEX11
ERP1	ERG26
SNA3	SEL1
TVP15	SEC26
ARF1	CPR8
DRS2	SEC7
SYP1	LAS17
SYP1	DNF1
ERV29	YKL088W
MYO4	SHE3
WSC3	MID2
WBP1	ORM2
YBR241C	AKR1
SKI8	ADE17
GPA2	SFK1
RRP4	SKI3
MPT5	PUB1
CHS3	RET2
THO1	DBP2
DBP1	DED1
SFT2	TVP15
IST1	VTA1
ARF1	TVP15
DOP1	FTH1
ADE16	ADE16
TPO2	TCB3
YER113C	LPP1
SYP1	HNM1
FMP45	MSC3
LOC1	FPR4
MSC7	ERV25
KEX1	CHS7
PHO88	PIS1
HSP30	TCB3
CDC39	WHI3
PSP2	DED1
YAL053W	CHS3
MUP1	YLR326W
SFK1	TPO3
PIN4	CAF40
ELP6	ELP4
LIT2	MID2
NUG1	CGR1
ERG7	ERG7
SWP1	UIP4
DRS2	PIN2
YPT6	MRS6
DNF1	DNF1
PGM2	PGM2
LSP1	ARC35
YBL029C-A	SFK1
YCR043C	YMR010W
KEX1	COG6
BAP2	DIP5
IML2	ALO1
SLA2	SLA1
SNQ2	TPO1
DOP1	HNM1
PHO88	SPC2
HSP30	BOP1
WHI3	CAF40
PEP1	VPS68
HIF1	HHT2
PST2	MEP3
SHR3	SOP4
CDC39	LSM4
PMC1	MRL1
SSD1	DED1
ERG7	RER2
GPA2	TPO4
PEP1	FTH1
SHR3	PIS1
HSP30	ITR1
MPT5	DEF1
PEP1	PEP8
FMP45	LIT2
SLY1	HXT1
DOP1	YMR010W
WHI4	NOT3
FMP45	SFK1
LSM4	PUF4
PEX11	AAT2
GTR1	GTR1
CDC39	LSM3
PEX13	PEX11
YPT31	ALO1
CDC36	MOT2
VPS5	PEP8
CDC39	DEF1
YBL029C-A	GPX2
CYR1	CYR1
SHS1	CDC11
RRP5	NOC2
SEC4	PEX11
YGR130C	TPO4
SGN1	PUB1
TCB3	RSN1
FMP45	YLR326W
HNM1	MEP3
NST1	NOT3
MUP1	TPO4
RIM1	SFK1
PHO88	VHS3
VPS29	VPS17
YBL029C-A	FTR1
VPS5	VPS5
MOT2	DEF1
YMR010W	PIN2
LSP1	HNM1
ERG26	ORM2
PPZ1	URA5
SEC61	ERV25
SUR2	PPZ1
SFT2	PMC1
HYR1	PDR12
FTH1	MEH1
SSL2	PGM2
SNA3	ERG27
HXT1	VAC8
VPS29	VPS29
NUP60	KAP95
COG3	COG6
YAL053W	GPA2
GPA2	TCB3
LSP1	PPZ1
EMP70	BSC6
SSK1	SSK2
HHF1	ASF1
PMC1	ATG27
YGR130C	SFK1
SYP1	SHS1
GSY2	ADE17
FMP45	TPO3
ARF1	YMR010W
FMP42	PMC1
SMI1	GGA2
LIT2	LIT2
EHT1	TOM20
DHH1	DED1
SUR2	ORM2
SSH1	GOT1
ARC18	MYO5
CHS3	KEX2
PPZ1	BOP1
ERP1	SPC1
MAM33	MID2
HSP30	OSH6
GPX2	HNM1
SSH1	ERV29
YLR413W	TCB3
YDR352W	PMC1
VHT1	TCB3
PLM2	TCB3
EHT1	YJU3
EMP47	VPS68
INO1	ADE17
FTH1	YDR352W
RIM1	YLR326W
DEF1	ADE17
FMP20	ALO1
FTR1	FET3
LIT2	PDR12
ARF1	AKR1
FTH1	YDL199C
HXT1	TPO3
VPS29	VPS5
YCR043C	TVP15
FTR1	TPO3
YDR034W-B	AKR1
FPS1	FPS1
YMR010W	CPR8
HNM1	MSC3
PEX12	PEX11
FMP45	FCY2
DOS2	YMR010W
GPA2	OSH6
OLE1	ILM1
HNM1	YJU3
PIN4	MOT2
LYS21	LYS20
COT1	COT1
NST1	CAF40
YPT7	MRS6
HNM1	GDI1
RIM1	GPA2
ERP1	GOT1
YGR106C	YNL190W
KAR4	CAF40
ERV25	UIP4
GID7	GID7
ARC19	MYO5
CDC36	CAF40
SWP1	DIP5
RPB5	YKE2
YVC1	YVC1
KEX1	BSC6
AKR1	BSC6
SFT2	SFT2
GIS2	DBP1
YMR010W	VPS5
SCS7	SSH1
ARC19	VRP1
HOS3	HOS3
PMC1	GTR2
ERP1	VHS3
LSM4	LSM4
EBP2	CGR1
GPA2	YGR130C
CDC36	NOT3
RPA34	YMR269W
AUR1	AKR1
DHH1	DCP1
GTT1	ERV25
DOP1	TPO2
SLA1	CHC1
ERP1	EPT1
YOR1	TPO4
HSP30	GPA2
GPA2	YOR1
MID2	TPO4
FMP45	TPO2
HYR1	ALO1
ERP6	ERP4
SOP4	ORM2
SNQ2	HNM1
HSP30	HNM1
HMG2	HMG2
MSC3	MSC3
FMP42	VMA13
PEX4	PEX11
PEP1	YMR010W
GPA2	MEP1
EHT1	GDI1
SSL2	ADE16
YBL029C-A	HXT5
ATG27	VPS68
GPA2	TPO2
SLF1	DEF1
MYO5	LAS17
RIM1	FMP45
ALO1	PGM2
HNM1	YMR010W
GLN3	URE2
SFK1	BOP1
DHH1	MOT2
DHH1	EDC2
MUP1	TCB3
ERV29	PIS1
HSP30	STE20
DHH1	MPT5
FAT1	TGL1
GPI13	ORM2
SHR3	ORM2
SFK1	SFK1
SYP1	PST2
SLY1	COG4
GPA2	WSC2
PPZ1	PDR12
PEX10	PEX11
RVS161	APP2
EBP2	NOP4
SEC7	DNF1
CDC39	DHH1
MOT2	NST1
ALO1	UIP4
SYP1	CDC11
LAS17	END3
LSG1	YVH1
PMC1	VPS35
PXR1	NOP10
VPS35	MVP1
ACB1	HUG1
YAL053W	SFK1
GIS2	DBP2
ERV25	VHS3
NAM7	DCP2
HXT1	TCB3
YDR034W-B	TPO1
FMP45	HXT1
YDR381C-A	ALO1
SNQ2	TPO2
HNM1	WSC2
ERG25	ALG5
FMP45	HXT5
SEC4	MRS6
RVS167	VRP1
ITR1	YGR130C
LSM6	LSM4
RGD2	RGD2
LOC1	BRX1
PEX14	PEX17
ARC19	ARC18
AFG2	AFG2
ARC19	LAS17
LSB3	INP52
GPM2	HUG1
ORM2	SPC2
PBP1	YHR121W
ARC18	LAS17
PRP43	NOP10
HSP30	FMP27
PPZ1	TPO4
EMP47	PMC1
LSM4	DEF1
ARR4	MDM39
UTP5	YIL127C
BBC1	ARC15
HXT5	PDR12
FTH1	VPH1
ATG27	GRD19
HNM1	YGR130C
DHH1	LSM6
ERV29	SEC61
MID2	WSC2
FMP45	YGL108C
LSG1	TIF6
ATG27	VPS17
BBC1	MID2
FMP45	YJL016W
LSP1	ADE16
PMC1	MEH1
VMA7	VAC8
GIN4	PDR12
YBL029C-A	ARF1
BRE5	DED1
SYP1	WSC2
GPA2	FTR1
ERV29	ERV41
SEC6	MSO1
GPA2	YGL108C
BAP2	ERV25
PNO1	KEL3
STV1	VMA13
COG3	RBD2
FTH1	GTR2
PEX11	ARF3
PEP1	GGA2
SCS7	ORM2
PTC1	NBP2
TGL1	YIM1
BEM1	BEM1
FAA3	PDR12
ARP2	ARC18
BBC1	BBC1
YBR267W	ARX1
SYP1	GPA2
YOR1	BOP1
SFB3	RBD2
ERP1	UIP4
PUF4	WHI3
SNA4	GTR1
VPH1	VMA8
SFT2	FTH1
YBR241C	SFT2
SLY1	GRH1
SFK1	YLR326W
YBL029C-A	QDR2
APM3	APM3
NST1	POP2
PMC1	VPH1
FTR1	YOR1
SNF7	VTA1
GDH2	AAT2
RGA2	RGA2
LSM4	DCP2
HXT1	DIP5
SLA1	SLA1
SLA1	VRP1
NUP100	KAP95
ARF1	BSC6
LSM4	YGR054W
DCS1	ADE17
MCR1	ALO1
TMS1	PMC1
LSP1	BOP1
YCR043C	SNA3
DOS2	AKR1
YKE2	GIM3
KRE27	PIS1
PUF4	DEF1
CTK2	CTK3
AKR1	PIN2
SEY1	PIS1
EPT1	ERV25
LSP1	TPO4
GTT1	SNA3
IKI1	ELP3
WTM2	WTM2
SOF1	UTP14
SSH1	ORM2
FTH1	MRL1
RIM1	YGR130C
HNM1	RBD2
FMP45	TPO1
EXO84	SEC5
GIN4	MID2
FTH1	HXT1
SNQ2	TCB3
RIX7	RIX7
HSP30	TPO2
SUR2	YKL088W
CDC39	MPT5
FTR1	MUP1
FPS1	MID2
VHT1	FMP45
TPO1	TPO1
YBL029C-A	PST2
PMC1	NCR1
QCR9	ALO1
ENA2	PDR12
GTT1	RBD2
YOR1	MID2
UBP10	NOC2
AUR1	CPR8
FTH1	DNF1
YDJ1	YDJ1
TPO2	TPO1
VAM7	PEP5
VHT1	PDR12
PMC1	VPS68
YGR054W	NAP1
ARF1	EPT1
ARP2	PGM2
MID2	TCB3
GOT1	SEY1
TPD3	PGM2
PST2	YOR1
SSH1	VHS3
FUI1	YBR052C
SSH1	PIS1
PSP2	DBP1
CDC39	NST1
RRP5	BRX1
SSD1	INO1
HXT1	TPO1
ARC19	SRV2
INO1	INO1
WHI4	CAF40
ELP2	IKI1
CBR1	ORM2
SPC1	ORM2
ERP1	SUR2
DBP2	NOP10
VHT1	HNM1
CKA1	CKB2
NUP49	KAP95
ERG7	ERG27
MCK1	PEX11
ORM2	YNL190W
YBR241C	ERV25
TCB3	WSC2
NMA1	NMA1
PUF3	PUB1
SWH1	TVP15
MUP1	MSC3
TSC10	SNA3
GTT1	PEX11
YAL053W	CHS5
WHI3	SCD6
KEL1	SPA2
CPT1	RBD2
PDR5	PDR5
BAP2	SOP4
WHI3	POP2
FMP42	FTH1
GPA2	YLR413W
ARF1	SNA3
CHS3	DNF1
BUD6	BUD6
AKR1	GEF1
YPT10	GDI1
SFK1	PPZ1
DBP2	UBP10
VMA6	VMA13
SYP1	ENT2
RVS167	RVS167
FMP45	PKH2
PIB2	GTR2
SHS1	SHS1
PIN4	CDC39
PHO88	STE24
UTP5	UTP9
SGT1	STI1
TPO2	SFK1
YKL171W	URE2
HSP30	TPO4
LSM6	LSM8
FPS1	PPZ1
FMP45	TPO4
ARF1	VPS68
HNM1	YOR1
SLA2	HUG1
SLA1	END3
WSC3	TCB3
SNA3	YIM1
DOS2	YLR020C
CDC39	PUF4
ARF1	ERV25
SNA3	VPS35
TVP15	MRL1
MAM33	SFK1
FMP45	HXT2
YAL053W	FMP45
ARF1	PEX11
SKI3	SKI3
YLR326W	TCB3
ERV29	GOT1
MEP1	TCB3
FTH1	KEX2
FTH1	VPS35
ERG7	TGL1
HXT1	HXT2
HYR1	TPO3
LSM4	WHI3
DOP1	MUP1
EMP47	COT1
VHT1	SFK1
WSC3	YBR052C
HXT5	TPO3
FTR1	YGR130C
YAL053W	PST2
NOP7	PWP1
MUM2	MUM2
WSC3	HNM1
MEP3	BOP1
ERS1	RBD2
ARC18	HUG1
FTR1	TPO2
ENP1	SLX9
LSP1	SSD1
FMP45	SVL3
DID4	DID2
FUI1	FMP45
IKI1	IKI1
FMP45	FTR1
CAF40	CAF40
PEX17	PEX17
COG3	YMR010W
DBP1	PUB1
TPO1	MSC3
PLM2	PDR12
ORM2	VHS3
SFK1	TPO4
SLA1	LSB3
ERV29	GTT1
RBD2	YML018C
WSC3	PDR12
KEX1	YMD8
CWP2	ALO1
PWP1	RLP7
TPO2	YLR413W
LSP1	SIS1
YGR130C	LIT2
GLG1	GSY2
GSY2	GDB1
PRP43	YMR269W
RPC25	RPO31
FMP45	YKR100C
HSP30	HXT5
BOI1	BEM1
ERV29	NDC1
CTR2	ATG27
DEF1	POP2
PWP1	BRX1
SYP1	LSB3
DOS2	TVP15
DNF1	CHS5
TVP15	PMC1
SSH1	SRP14
SYP1	MYO5
EMP47	ERV25
RGD2	PIN2
YOR1	SFK1
MOT2	WHI3
FTH1	ATG27
KEX1	BOP1
LSM2	NOT3
YSC84	LAS17
UTP7	SOF1
COG3	TVP15
EBP2	RRS1
KRE27	STE24
SKI8	SKI8
YBL029C-A	MUP1
TCB3	BOP1
DID2	IST1
DBP1	DBP1
YBR267W	RIM11
LSP1	ALO1
YAL053W	CHS1
LSM4	DED1
YAL053W	FTR1
FTR1	YLR326W
CDC39	WHI4
SYP1	BOP1
QDR2	MID2
YHR003C	UIP4
FMP45	FMP27
QDR2	PDR5
EXO84	SEC10
GPI17	LAC1
YBL029C-A	HYR1
YDL203C	ROM2
GCN1	TPM2
PIN4	CDC36
NUP82	NUP85
FMP45	PDR5
ERV41	ERV41
LSM2	PUB1
ARF1	ERV29
GPX2	MUP1
VMA7	VMA21
SYP1	YGR130C
ERP1	CBR1
HSP30	FMP45
ERG5	PIS1
FTH1	DPP1
YOR1	TCB3
SCS7	ERV29
SCS7	ALG5
MUP1	TPO3
PIB2	GTR1
NDC1	PIS1
SEC6	SEC6
FMP45	WSC2
LOC1	PWP1
PST2	LIT2
NSG1	HMG2
PEP1	ATG27
NOG2	TIF6
YMR010W	PEP8
BNI5	BNI5
FTH1	YML018C
MSC7	VHS3
SFT2	GOT1
KEX1	SFT2
PST2	MEP1
LSM4	CAF40
SNT1	SEC6
NHP10	NHP10
OLE1	ERG5
PMC1	COT1
UTP8	UTP9
YBL039W-A	GTT1
PMC1	HXT1
SSD1	LSM4
COT1	VAC8
EBP2	DBP2
INO1	ALO1
GAT1	URE2
SFK1	TPO1
KEX1	GRD19
VID24	YGR054W
RRP4	SKI8
PMC1	DPP1
VRP1	END3
HUG1	SKI3
FMP45	BOP1
QDR2	TCB3
MYO4	SHE2
ERP1	ERG5
FTR1	SFK1
TPD3	VMA5
YOR1	MEP3
PBP1	DEF1
FUI1	MUP1
INO1	HUG1
DRS2	CHS3
PRO3	ATX1
WSC3	GPA2
TPD3	ARF3
YCR043C	COS4
EMP47	ERV29
SFK1	ARF3
TPO1	YLR326W
HSP30	YGR130C
YBR241C	YDC1
ALO1	ADE4
YOR1	PDR12
TMS1	PIS1
FTH1	TVP15
YLL012W	ERG27
PRP43	RPA34
DCP2	CAF40
PRP43	GAR1
YCR043C	EPT1
COG3	AKR1
WSC2	WSC2
HUG1	PGM2
CDD1	CDD1
HXT1	MID2
HSP30	DUR3
NOP16	BRX1
NCP1	STE24
FMP45	YJU3
QCR9	PEX11
VHT1	YGR130C
ARC19	HUG1
SLY1	SNA3
RIM1	MUP1
TRP2	BNA3
SYP1	SFK1
DOC1	YTA7
SFK1	PDR5
ACS1	YAT1
PXR1	YMR269W
DEF1	CAF40
LSM4	EDC3
GND2	GND2
MUP1	DUR3
YBL039W-A	MSP1
ENA2	MID2
PTC3	PAA1
EHT1	INO1
NUM1	RAX2
PUF4	CAF40
EBP2	RRP12
LOC1	UBP10
UBP10	UBP10
ADE17	SOL1
LYS20	LYS20
ITC1	NAB3
MUP1	DIP5
SNQ2	HXT5
RPT2	RPN1
FMP42	ATG27
RIM11	RIM11
ADH4	ARF3
SCS7	YCR043C
PLM2	YER036C
TPK1	TPK1
EMP47	ATG27
PLM2	BOP1
SFP1	MRS6
NCP1	PIS1
AKR1	CTR2
HXT5	HXT5
WSC3	FMP45
FTR1	TPO4
SWI4	STB5
SPT16	PWP1
PXR1	GAR1
VMA7	MEH1
WHI3	DED1
YBL039W-A	EHT1
SHR3	SUR2
REG1	ADE16
SDS23	GCN1
GAL80	GAL80
YCL021W-A	SIR1
ATG27	COT1
RPB5	ERG5
RLP7	UBP10
SUT1	MLH2
SHR3	DIP5
PWP1	DBP2
PCK1	PCK1
TPD3	STC2
UTP20	SNU114
DEF1	LSM3
PRP43	DBP2
SYP1	VRP1
MED6	KRE27
RIM1	PUB1
GPA2	MEP3
MUP1	HXT5
SAP155	TIP41
SNQ2	DUR3
FRM2	PUB1
SCS7	STC2
PRP43	BCY1
LSP1	EDC2
ARR4	VMA5
PPZ1	PIS1
ERG4	FMP25
WSC3	WSC2
GPM2	YRA2
PPZ1	EFR3
HNM1	LIT2
MID2	PPZ1
VMA7	ACB1
CDC39	LSM8
DIP5	PDR12
SYF1	HKR1
SDS23	TCB3
DBP2	BRX1
CDC11	AAT2
ALO1	SNC2
YBR255C-A	MNS1
SDC25	MSH2
HXT5	TCB3
SDS23	DIP5
PAN2	DEF1
LOC1	GAR1
ARF1	ATG27
SOF1	UBP10
SDS23	DUR3
MOT3	MOT3
YBL039W-A	HYR1
SSD1	DBP1
FTH1	COT1
PSA1	MAL13
NKP2	IMD4
PRP9	ELM1
FUN14	UIP4
CWH41	HUG1
YGR223C	CAP2
SNQ2	SFK1
INO1	AAT2
SSL2	INO1
SDS23	MUP1
RIM1	YRF1-6
VPS15	DAK2
ATS1	TRP4
SSD1	PGM2
SNQ2	SNQ2
DID2	SNF7
HXT5	PDR5
REB1	NTF2
MXR1	YRF1-4
NNF1	PDE2
KEX1	DUR3
SNU56	NUF2
ATG20	TVP15
URA4	TOP2
MUP1	YMR010W
SLK19	SLK19
DRE2	TAH18
GIS2	GAR1
RIM1	PEX10
MSH4	ASP3-4
YBR043C	PDR12
COX7	NAB3
PWP1	NOC2
UFD4	TPO1
TCM10	TFC7
ITR1	YMR010W
SFT2	FET5
FAT1	ERG27
BRE1	PWP1
CDC39	LSM6
PLM2	RCK2
GPR1	YDC1
FYV4	SMD2
SRV2	YVC1
YBR053C	GRX3
HSE1	HSE1
YGL108C	MID2
SFK1	MSC3
HSP30	SNA3
SSE2	HRR25
LIT2	SFK1
KEL2	KEL1
SDS23	YLR413W
MUP1	SFK1
KRE27	MUK1
LOC1	EBP2
YBR052C	QDR2
ADE17	SNC2
SEN54	ROX1
PXR1	PXR1
ARF1	EMP70
COS4	ERV25
MUP1	WSC2
ARF1	QDR2
EXO84	EXO84
SDS23	TPO3
SDS23	HNM1
RIM1	CAF40
HNM1	MEP1
COT1	VPS68
RTT103	BRX1
RIM1	LSM4
YCL056C	MSH3
GRH1	URE2
YBR052C	HXT1
UBP6	RSC58
SDS23	PDR12
YJL207C	APL4
MUP1	TPO1
RIM1	NOT5
HUG1	ALO1
GDH2	PEX11
DBP2	SRP40
DBP2	NOC2
EDC2	DCP2
PEX15	PEX11
RBD2	RET3
ARP2	INO1
ACF2	SEL1
MUP1	LIT2
MOT3	HHO1
RRP5	RLP7
YDR541C	LAC1
FTR1	BOP1
AGP2	PMC1
MOT2	JSN1
YDR412W	URE2
ARF1	GOT1
FMP45	MUP1
PSA1	ATX1
MAK21	EBP2
PHO88	DAL5
GPA2	LIT2
ARF1	RET3
YBL039W-A	UIP4
YAL053W	SYP1
UTP5	STE12
CHS5	YMR010W
RIM1	SCD6
SPT10	SHR5
FTH1	SYG1
RPB5	GAR1
LSB3	LAS17
VHT1	MUP1
PGM2	ARC35
GRH1	SEC24
MSC7	PIS1
DYS1	SYT1
SNQ2	MUP1
VHT1	YLR413W
FAT1	EHT1
STC2	STC2
YPD1	RAX1
GPA2	DUR3
RIM1	NOT3
NUP57	NUP2
YCL056C	ASF2
APC11	SMY1
YJL207C	CHS5
SDS24	SIC1
ADE4	ALG7
MPT5	POP2
MID2	MEP3
COS7	PEX29
PXR1	SRP40
KEX1	PEP8
YCL021W-A	HDA3
OSH2	UME1
RIM1	WHI3
RPN9	RPN8
TPO1	RSA3
MUP1	YOR1
NSA2	EBP2
DIP2	UBP10
CRR1	LCB5
EHT1	VMA8
YEL041W	URE2
MUP1	LYP1
DCC1	APC11
SRL2	YOL138C
SIC1	RHO5
RSC58	UME1
BZZ1	MYO5
YGL108C	SFK1
FMP45	ARF3
KTI11	SIC1
TCB3	MEP3
SDS23	MID2
SEC26	ACB1
HXT5	TPO1
GCN1	ISR1
GPR1	URE2
HNM1	QDR2
YLR424W	SKO1
YCR043C	GOT1
FTR1	DUR3
CTK1	YLR424W
SEC5	SEC6
YCL056C	HIS2
KEX1	EMP70
CTH1	GRX5
INO1	VMA8
TUP1	SOR2
UBC13	CEM1
SFK1	WSC2
SLD3	GPX1
SOD2	PEX29
YBL059C-A	SLU7
VMA13	DPP1
SNU56	MSH2
SIS2	PIS1
BAP2	RET3
IMD4	RPB11
MUP1	MEP3
EFT2	DPH2
OSH7	DUR3
YGR054W	BRE5
UTP4	UTP5
CTR1	CTR1
TPO1	DUR3
YAL053W	PLM2
HXT5	DIP5
DNF1	LSB3
TCB3	DIP5
YKL088W	PIS1
KEX1	GEF1
EBP2	RLP7
GIR2	GIR1
MSC7	GOT1
FMP42	COT1
PCT1	KRE9
INO1	CHC1
TPO1	TCB2
AYT1	ERG5
PLM2	DIP5
DYN3	NPR1
QDR2	TPO1
ITR1	PLM2
RIM1	MDM32
PGM2	SNC2
FMP45	DUR3
UBP6	ERF2
MSH4	TEL2
YHR116W	SWI6
SRP14	MIM1
RDI1	TPO3
LHS1	PDE2
GRE3	ALO1
RPT2	RPT6
SEC26	RET3
TCB3	DUR3
SMB1	NEM1
PTC4	SPC3
YDR119W	ATG27
MUP1	QDR2
PIG1	ERR1
CHS3	DTR1
SRL2	PEX29
SNQ2	DIP5
SSD1	SSD1
ROM2	WSC2
MUP1	SNA3
PST2	OSH7
VMA7	SNA3
ORM2	NDC1
KEX1	PLM2
YBR255C-A	YKL037W
HSL1	HSL1
ROD1	PIS1
PCK1	ALO1
FES1	YCG1
ADH4	SWI6
YGR198W	EFR3
LSP1	BNA3
COG3	SLY1
EDC2	DCP1
RBS1	RAD30
GZF3	IRA2
YBR052C	ENA2
SVF1	PEX29
GIS2	EBP2
SRP14	SRP72
MATALPHA1	KRE27
HSP30	CTR1
DBP3	GAR1
WSC3	MUP1
REG1	SNF1
CDC39	CDC36
NKP2	IMD3
SNQ2	PLM2
YOR1	OSH7
CRC1	ERR1
LSM4	MPT5
TMS1	ATG27
HXT1	GTT1
DBP3	PWP1
PRP43	YRF1-7
SNQ2	QDR2
DIP5	DIP5
MPT5	CAF40
TVP15	PLM2
YPT32	ALO1
YBR255C-A	MSB2
RPB5	ERG13
MEP3	DUR3
PRP5	FYV4
PEX14	PEX6
YGL108C	MUP1
HNM1	DIP5
YCL056C	COX7
STE11	URE2
FTR1	HXT5
HNM1	HXT5
TPO2	LIT2
SFK1	MEP3
PMC1	CTR2
FMP45	MEP3
BEM1	SEC5
ARO80	MTD1
SSD1	MPT5
RPB2	ALG7
COG3	SNA3
IDI1	USO1
MUP1	MEP1
RIM1	MHR1
PSA1	YNL045W
SFK1	DUR3
TVP23	RAD30
KTR7	ECM16
PDR5	DIP5
INO1	BNA3
RIX7	MEC3
UGA2	VPS21
MRK1	LIA1
VPH1	RPT4
SPO7	PET191
LIT2	DUR3
IDI1	TFC7
PPZ1	MEP3
GPX2	SFK1
MID2	MYO5
CTK1	PWP1
SDS23	PDR5
HNT2	HNT2
SLC1	ACF2
TIP20	DEF1
KRE27	DAL5
IPI3	NAB3
FUN14	ALO1
LAC1	ALG5
YBR052C	MEP3
REB1	RIX7
HMG2	UME1
UBP10	SNU114
YAP3	SGD1
YLR345W	TPS3
PPZ1	CPT1
YBR052C	GPA2
YLR413W	MEP3
YBR052C	FTR1
GIR2	ISR1
IKI1	IKI3
BZZ1	VRP1
FUI1	YGR130C
LYP1	DIP5
YPT52	MRS6
PHO88	COS4
GAL3	URE2
NIS1	ERR1
FMP45	MDG1
QDR2	YLR413W
FMP45	SNQ2
HYR1	PEX11
YBR052C	WSC2
YDC1	ALG5
NIC96	NUP2
RIM13	TFC7
UTR1	TIR4
HXT1	YVH1
TCB3	PIS1
FMP45	MEP1
RIM1	POP2
MHT1	STC2
LSP1	MUP1
DEF1	WHI3
IDI1	COX7
UBP6	ITC1
PLM2	RET2
RPB2	KRE27
TVP38	RBD2
INO1	GCY1
DOS2	DNM1
HNM1	SFK1
YBR052C	AGP2
YBR241C	EMP47
YBR052C	LIT2
HXT1	QDR2
ALO1	SIS1
PLM2	YOR1
STE7	SNO4
GPX2	FMP45
VPS64	ITT1
PSK1	MMP1
GCN1	STC2
PSA1	YGR130C
YSN1	YDC1
YGL108C	WSC2
PLM2	QDR2
GLR1	VMA5
TPO1	DIP5
GCN1	GIR1
NUP49	NUP2
TPO1	MEP3
SDS23	QDR2
CIN8	MXR1
HUG1	VPS21
PSA1	SEC26
UBC13	COX7
FYV7	YMR293C
YCL056C	NCR1
KRE27	RPB11
QDR2	QDR2
SDS23	YBR052C
CYC7	DBP3
HXT5	QDR2
TWF1	TWF1
GPI8	GPI17
HXT5	MEP3
YBR052C	HYR1
HXT1	SNA3
YLR257W	YLR345W
YOR1	YOR1
MID2	DYN3
YBR052C	TPO1
TPO2	DIP5
HXT1	COT1
EMP47	ERV41
YBR267W	YVH1
CYC7	URE2
TPO2	HXT5
IDI1	RSC58
MID2	EFR3
UTP4	UTP10
RSC4	ARF3
SEC26	ERV41
UTP4	UTP8
HSP30	CDC11
DYN3	PDR12
DEF1	DCP2
YNL116W	ERR1
YDR541C	ITC1
DAM1	RTS3
SEC26	SUR1
INO1	SRV2
GCD7	STC2
SFA1	FMP25
UTP4	UTP18
DEF1	HCH1
SDS24	ALG7
ARV1	ERR1
YBL028C	EBP2
GRH1	RBD2
NBP2	NAP1
SFB3	SEC24
PLM2	YLR413W
YCL021W-A	ITC1
HSP30	OSH7
SNA3	ACF2
SYF2	PIN2
ILM1	VHS3
LCD1	KRE27
SEC26	SNA3
STU1	NUF2
PLM2	SNA3
ASF2	SUT1
ARF1	YPT1
SDS23	SNQ2
GDH2	DNM1
MID2	PIN2
GPA2	OSH7
BEM1	KEL2
AKR1	GOT1
PLM2	TPO1
HUL5	NUF2
YVH1	DIP5
YCL021W-A	HIS2
SNM1	ERR1
PHB1	KEL3
RTS3	DYN3
STE2	SEC6
TGL1	ACF2
GIR2	VMA22
PST2	MAM33
FTH1	CTR2
PLM2	KES1
BRE1	YLR424W
YBR052C	YOR1
GCN3	GCD7
RTT103	YIL127C
TVP15	SLY1
MEH1	COT1
PLM2	PPZ1
GTR2	COT1
SDS23	SFK1
EHT1	ACF2
CDC50	RGD2
YBR052C	TPO2
PWP1	RRP5
MID2	RTS1
BRX1	NOC2
DNF1	SEC6
SIC1	YLR345W
HXT1	SFK1
YBR052C	FMP45
YVH1	PEX11
YBR052C	TCB3
MID2	RSN1
YBR052C	HNM1
STE12	RPA49
PLM2	TPO4
BEM1	SFK1
ABM1	ERR1
PSA1	EFT2
RIM1	BUL1
PET191	YRR1
YBR052C	MUP1
HMF1	RPA34
PHO88	COS1
RFT1	NDE2
PLM2	YGR169C-A
COS12	YCS4
SFT2	EMP47
SDS22	SIC1
PLM2	MUP1
MUP1	OSH7
KRE27	RPA34
QDR2	SFK1
BRX1	TIF6
YBR052C	MAM33
PET191	SLK19
FTH1	EMP47
EFT2	INO1
RIM1	DEF1
PLM2	HNM1
PLM2	MEP3
MEP1	SFK1
YBR053C	YRF1-6
ERG7	ACF2
PLM2	HXT1
HSP30	SNQ2
RPB5	IFH1
BSC1	YOL138C
YDR119W	PMC1
SSD1	PLM2
LAG1	LAC1
ERJ5	ADH4
MVP1	VPS17
ERP1	RPB11
ERG27	ACF2
YBR052C	ITR1
FAT1	ACF2
YBR052C	PST2
ARF1	EMP47
SEC26	RBD2
PEX7	DEF1
HNM1	DUR3
LIA1	HSL1
RIM1	CDC39
NSA2	NIP7
EFT2	DPH5
STC1	ACF2
HNM1	YVH1
HNM1	OSH7
HNM1	MAM33
PLM2	TPO2
PLM2	MEP1
SDS23	HXT1
GPA2	TPO3
VPS64	SPO19
SGF29	YGL262W
KRE27	MED11
EFT2	YNL313C
SWP1	SEC61
YVH1	SFK1
MUP1	MID2
YDR334W	MSH2
HFM1	URE2
IPI3	ALG5
PLM2	SFK1
YAL053W	MUP1
YBR052C	SFK1
RBS1	YOL138C
YVH1	GTT1
TSC11	SRO7
CAF17	YNL295W
HXT5	SFK1
YHR003C	GTT1
MUP1	DYN3
HPC2	DBP3
KEX1	FTH1
FMP45	GPA2
MID2	PDR12
PHO88	ILM1
SPL2	YOL138C
NIC96	NDC1
RPO41	SET5
ARC19	ARC40
TPC1	MSH2
SPT16	YSN1
YBR052C	GPX2
HSP30	SFK1
MUP1	YVH1
SLA2	ARC40
MMS2	YSN1
SWP1	RER2
FMP45	HYR1
COT1	YML018C
PDR5	PDR12
SWP1	ERV25
LSP1	YLR326W
SUS1	YOL138C
YPT1	YOL125W
RVS161	ARC40
TCM10	YNR075C-A
APP2	YSN1
SWP1	PPZ1
MUP1	YGR130C
KRE27	PDR12
PLM2	WSC2
ATG27	YML018C
SQT1	YNL067W-B
INP51	YOR316C-A
SWP1	SIS2
YVH1	PDR12
OSH7	PDR12
MUP1	PDR5
CAF17	YNR075C-A
RIM1	HNM1
PHO88	SEY1
SWP1	SSH1
RSC58	ALG5
BUR6	YSN1
PFK26	YOR296W
SWP1	YCR043C
BSC2	YNR075C-A
SOD2	YNL295W
MYO1	ERG5
SUS1	YOR296W
KEX1	AKR1
MAD2	PDR12